Workbook

Sheet Read Me
A1: Migration administration workbook
A2: Helper-script Desktop sign-in to interactive Entra browser sign-in, then evidence-gated Cosmos projection switch.
A4: Section | B4: Purpose | C4: Owner output
A5: Inputs | B5: Enter gateway, Entra and change-window values. Blue text/yellow fill marks administrator inputs. | C5: Approved values
A6: Dashboard | B6: Formula-driven go/no-go state from mandatory preflight rows. | C6: GO only after PASS or N/A
A7: Roles | B7: Azure, Entra, Graph, Intune and network handoffs. | C7: Named owners
A8: Preflight | B8: Read-only checks with evidence. | C8: Signed evidence
A9: Sign-in Migration | B9: Backup, public-client app, recorded external-idp choice, accepted audience and generated policy. | C9: Pilot-ready sign-in
A10: Intune Rollout | B10: Deterministic Windows policy deployment and pilot. | C10: Successful pilot
A11: Projection Cutover | B11: Preflight, clean compare, full-sync evidence, dry-run and one-write switch. | C11: projection source
A12: Verify-Rollback | B12: Post-change proof and independent rollback paths. | C12: Closure/restoration
A13: Commands | B13: Formula-generated command templates from Inputs. | C13: Reviewed commands
A14: Intune Scripts | B14: Current MDM guide script templates. | C14: Upload package
A15: References | B15: Repository evidence for each procedure. | C15: Audit trail
A18: Safety boundary | B18: Named values remain authoritative until the final switch. Desktop sign-in and entitlement source are separate changes with separate rollback paths.

Sheet Inputs
A1: Operator inputs
A2: Replace placeholders before copying generated commands.
A4: Input | B4: Value | C4: Source / validation
A5: Repository root | B5: C:\path\to\claude-code-foundry-gateway | C5: Current clone
A6: Subscription ID | B6: <subscription-id> | C6: az account show
A7: Tenant ID | B7: <tenant-id> | C7: az account show
A8: Resource group | B8: <resource-group> | C8: Existing APIM resource group
A9: APIM name | B9: <apim-name> | C9: Existing gateway
A10: Projection prefix | B10: <lowercase-prefix> | C10: 1-37 lowercase letters/digits
A11: Location | B11: eastus | C11: Resource group / Cosmos region
A12: APIM SKU | B12: StandardV2 | C12: BasicV2, StandardV2 or PremiumV2
A13: Resolver inbound access | B13: private | C13: BasicV2 public; Standard/Premium default private
A14: Resolver application ID | B14: <resolver-app-id> | C14: Selected or created app
A15: Standard group | B15: claude-code-standard | C15: Gateway-recorded group
... A25: Backup path | B25: <generated-after-phase-1> | C25: Gateway backup output

Sheet Dashboard
A1: Migration dashboard
A2: Complete every mandatory preflight row before live changes.
A4: Overall decision | B4: =IF(COUNTIF(Preflight!F5:F20,"FAIL")>0,"NO-GO",IF(COUNTBLANK(Preflight!F5:F20)>0,"INCOMPLETE","GO")) -> INCOMPLETE
A6: Failed checks | B6: =COUNTIF(Preflight!F5:F20,"FAIL") -> 0
A7: Incomplete checks | B7: =COUNTBLANK(Preflight!F5:F20) -> 16
A8: Passed checks | B8: =COUNTIF(Preflight!F5:F20,"PASS") -> 0
A9: N/A checks | B9: =COUNTIF(Preflight!F5:F20,"N/A") -> 0
A12: Gate | B12: Required evidence | C12: Rule
A13: Desktop app readiness | B13: Client ID, issuer, redirect URI and consent decision | C13: Before pilot
A14: Intune pilot | B14: Device/User status succeeded and Desktop restarted | C14: Before switch
A15: Projection compare | B15: Clean comparison; named values remain authoritative | C15: Required
A16: Full sync evidence | B16: Successful full sync within 24 hours | C16: Required
A17: Dry-run switch | B17: Resolver, drift, runner compare and evidence pass | C17: Required
A18: Live switch | B18: Backup path; entitlement-source reads projection | C18: Final write

Sheet Roles
A1: Roles and handoffs
A2: Azure subscription roles and Entra directory roles are separate.
A4: Role | B4: Responsibility | C4: Required access | D4: Named owner
A5: Azure operator | B5: Backup, named value, deploy, compare and switch | C5: Resource deployment; APIM named-value read/write; resolver config; runner start/exec | D5: =Inputs!B21 -> <name>
A6: Entra application administrator | B6: Desktop public client and consent | C6: Application registration and tenant consent authority | D6: =Inputs!B22 -> <name>
A7: Entra group reader | B7: Directory snapshot for compare/sync | C7: GroupMember.Read.All full sync; User.ReadBasic.All targeted | D7: =Inputs!B22 -> <name>
A8: Intune administrator | B8: Pilot and assign managed settings | C8: Configuration, platform script or Remediations | D8: =Inputs!B23 -> <name>
A9: Network administrator | B9: Private resolver network approval | C9: VNet/subnet/private DNS join/write | D9: <name>
A10: Change approver | B10: GO/NO-GO and rollback authority | C10: Organization change process | D10: <name>

Sheet Preflight
A1: Mandatory preflight
A2: Read-only checks. Select PASS, FAIL or N/A and attach redacted evidence.
A4: # | B4: Check | C4: Command / place | D4: Pass criterion | E4: Owner | F4: Status | G4: Evidence / ticket
A5: 1 | B5: Repository and PowerShell | C5: git status; $PSVersionTable.PSVersion | D5: Correct repo; PowerShell 7+ | E5: Azure operator
A6: 2 | B6: Azure context | C6: az account show | D6: Subscription/tenant match Inputs | E6: Azure operator
A7: 3 | B7: Current source | C7: Read entitlement-source | D7: named-value | E7: Azure operator
A8: 4 | B8: Current Desktop audience | C8: Read external-idp-extra-audience | D8: Value recorded for rollback | E8: Azure operator
A9: 5 | B9: Gateway backup | C9: Backup-ClaudeGateway.ps1 | D9: Backup file exists | E9: Azure operator
A10: 6 | B10: Desktop app preview | C10: New-ClaudeDesktopEntraApp.ps1 -WhatIf | D10: App/redirect approved | E10: Entra admin
A11: 7 | B11: Consent policy | C11: Entra review | D11: Pilot consent path approved | E11: Entra admin
A12: 8 | B12: Projection preflight | C12: Deploy-ClaudeProjection.ps1 -PreflightOnly | D12: No FAIL; exit 0 | E12: Azure operator
A13: 9 | B13: Tier groups | C13: Preflight output | D13: Recorded groups resolve exactly | E13: Entra admin
A14: 10 | B14: Resolver registration | C14: Preflight output | D14: Selected app or creation allowed | E14: Entra admin
A15: 11 | B15: Providers | C15: Preflight output | D15: Required providers registered | E15: Azure operator
A16: 12 | B16: Names | C16: Preflight output | D16: Valid/available or reusable | E16: Azure operator
... A20: 16 | B20: Change window | C20: Change record | D20: Approved communications/window | E20: Approver

Sheet Sign-in Migration
A1: Desktop sign-in migration
A2: Backup, create/discover public client, record external-idp browser, write one audience named value and regenerate profiles.
A4: # | B4: Step | C4: Action / command | D4: Expected result | E4: Owner | F4: Status | G4: Evidence / output
A5: 1 | B5: Create/discover Desktop app | C5: Run Commands row 4 after preview passes. | D5: clientId, tenantId, issuer and redirect returned | E5: Entra admin | F5: NOT STARTED
A6: 2 | B6: Consent decision | C6: Review tenant user-consent policy. | D6: No AADSTS65001 blocker for pilot | E6: Entra admin | F6: NOT STARTED
A7: 3 | B7: Back up handover | C7: Copy onboarding/claude-gateway.json with UTC suffix. | D7: Helper-script record preserved | E7: Azure operator | F7: NOT STARTED
A8: 4 | B8: Record external-idp | C8: Set kind external-idp, flow browser, id_token issuer/clientId. | D8: ClaudeDesktopSignIn validation passes | E8: Azure operator | F8: NOT STARTED
A9: 5 | B9: Write audience | C9: Set external-idp-extra-audience to client ID. | D9: Read-back exact match | E9: Azure operator | F9: NOT STARTED
A10: 6 | B10: Generate standard policy | C10: New-ClaudeCodePolicy.ps1 -Tier standard. | D10: Payloads generated | E10: Azure operator | F10: NOT STARTED
A11: 7 | B11: Generate premium policy | C11: New-ClaudeCodePolicy.ps1 -Tier premium. | D11: Payloads generated | E11: Azure operator | F11: NOT STARTED
A12: 8 | B12: Review policy | C12: Confirm gateway and interactive Desktop keys. | D12: Azure/Intune sign-off | E12: Azure + Intune | F12: NOT STARTED

Sheet Intune Rollout
A1: Intune pilot rollout
A2: Use deterministic HKLM writers, pilot first and monitor before broad assignment.
A4: # | B4: Step | C4: Action / command | D4: Expected result | E4: Owner | F4: Status | G4: Evidence / output
A5: 1 | B5: Choose delivery | C5: Platform script, Remediation or Win32 unless matching ADMX/CSP exists. | D5: Deterministic method | E5: Intune admin | F5: NOT STARTED
A6: 2 | B6: Claude Code package | C6: Embed exact generated JSON using Intune Scripts. | D6: HKLM ClaudeCode Settings written | E6: Intune admin | F6: NOT STARTED
A7: 3 | B7: Detection | C7: Calculate exact Settings SHA-256. | D7: Exit 0 only on exact match | E7: Intune admin | F7: NOT STARTED
A8: 4 | B8: Desktop package | C8: Bundle generated claude-desktop.reg. | D8: Direct HKLM Claude values | E8: Intune admin | F8: NOT STARTED
A9: 5 | B9: Script settings | C9: System context; 64-bit; signature per policy. | D9: Correct registry view | E9: Intune admin | F9: NOT STARTED
A10: 6 | B10: Pilot assignment | C10: Assign only to Inputs pilot group. | D10: Correct tier payload | E10: Intune admin | F10: NOT STARTED
A11: 7 | B11: Restart Desktop | C11: Fully quit/reopen. | D11: Browser sign-in shown | E11: Pilot | F11: NOT STARTED
A12: 8 | B12: Functional pilot | C12: Sign in and send request. | D12: Gateway accepts client-id audience | E12: Pilot + Azure | F12: NOT STARTED
A13: 9 | B13: Monitor | C13: Retain Device/User status. | D13: Pilot succeeded | E13: Intune admin | F13: NOT STARTED

Sheet Projection Cutover
A1: Cosmos projection cutover
A2: Deploy/compare while named values serve. Switch only after fresh full-sync evidence and clean -WhatIf.
A4: # | B4: Step | C4: Action / command | D4: Expected result | E4: Owner | F4: Status | G4: Evidence / output
A5: 1 | B5: Projection preflight | C5: Commands row 9. | D5: All checks pass; no writes | E5: Azure operator | F5: NOT STARTED
A6: 2 | B6: Deploy/populate/compare | C6: Commands row 10. | D6: Clean comparison message | E6: Azure operator | F6: NOT STARTED
A7: 3 | B7: Full sync evidence | C7: Commands row 11. | D7: Success within 24h | E7: Azure operator | F7: NOT STARTED
A8: 4 | B8: Dry-run switch | C8: Commands row 12. | D8: All evidence passes; no write | E8: Azure operator | F8: NOT STARTED
A9: 5 | B9: GO/NO-GO review | C9: Attach compare/sync/dry-run evidence. | D9: Approver authorizes one write | E9: Approver | F9: NOT STARTED
A10: 6 | B10: Live switch | C10: Commands row 13. | D10: Backup; source=projection | E10: Azure operator | F10: NOT STARTED
A11: 7 | B11: Read-back | C11: Commands row 14. | D11: Exact projection value | E11: Azure operator | F11: NOT STARTED
A12: 8 | B12: One-user proof | C12: Targeted sync after approved group change. | D12: User published | E12: Azure operator | F12: NOT STARTED
A13: 9 | B13: Post-check | C13: Full sync and test request. | D13: No unexpected refusal; success | E13: Azure operator | F13: NOT STARTED

Sheet Verify-Rollback
A1: Verification and rollback
A2: Desktop and projection rollback are independent. Refresh/compare named values before source rollback.
A4: # | B4: Step | C4: Action / command | D4: Expected result | E4: Owner | F4: Status | G4: Evidence / output
A5: 1 | B5: Desktop policy | C5: Managed keys show external-idp/browser and client ID. | D5: Verified | E5: Intune admin | F5: NOT STARTED
A6: 2 | B6: Desktop request | C6: Pilot sign-in and gateway response. | D6: Verified | E6: Pilot + Azure | F6: NOT STARTED
A7: 3 | B7: CLI continuity | C7: Claude Code/VS Code still use Azure CLI. | D7: Verified | E7: Pilot | F7: NOT STARTED
A8: 4 | B8: Projection source | C8: entitlement-source reads projection. | D8: Verified | E8: Azure operator | F8: NOT STARTED
A9: 5 | B9: Targeted publication | C9: -User updates changed identity. | D9: Verified | E9: Azure operator | F9: NOT STARTED
A10: 6 | B10: Desktop rollback | C10: Restore record/audience; regenerate/deploy helper profile. | D10: When sign-in fails | E10: Azure + Intune | F10: NOT STARTED
A11: 7 | B11: Named-value refresh | C11: Sync-ClaudeAccess.ps1 -Store named-value. | D11: Lists refreshed | E11: Azure operator | F11: NOT STARTED
A12: 8 | B12: Named-value compare | C12: Compare-ClaudeEntitlement.ps1 -FailOnDrift. | D12: No drift | E12: Azure operator | F12: NOT STARTED
A13: 9 | B13: Source rollback | C13: Set entitlement-source=named-value after 7-8. | D13: Named values serve | E13: Azure operator | F13: NOT STARTED
A14: 10 | B14: Close change | C14: Attach backups and evidence. | D14: Record complete | E14: Approver | F14: NOT STARTED

Sheet Commands
A1: Generated command templates
A2: Review placeholders and optional arguments before running.
A4: # | B4: Purpose | C4: Command | D4: Expected output
A5: 1 | B5: Azure context | C5: ="az account show --query "&CHAR(34)&"{subscription:id,tenant:tenantId,user:user.name}"&CHAR(34)&" -o json"&CHAR(10)&"az account set --subscription "&CHAR(34)&Inputs!B6&CHAR(34) -> az account show --query "{subscription:id,tenant:tenantId,user:user.name}" -o json az account set --subscription "<subscription-id>" | D5: Context matches
A6: 2 | B6: Read entitlement source | C6: ="az apim nv show -g "&CHAR(34)&Inputs!B8&CHAR(34)&" --service-name "&CHAR(34)&Inputs!B9&CHAR(34)&" --named-value-id entitlement-source --query value -o tsv" -> az apim nv show -g "<resource-group>" --service-name "<apim-name>" --named-value-id entitlement-source --query value -o tsv | D6: named-value
A7: 3 | B7: Preview Desktop app | C7: ="pwsh -NoProfile -File .\scripts\New-ClaudeDesktopEntraApp.ps1 -DisplayName "&CHAR(34)&Inputs!B17&CHAR(34)&" -WhatIf" -> pwsh -NoProfile -File .\scripts\New-ClaudeDesktopEntraApp.ps1 -DisplayName "Claude Desktop gateway" -WhatIf | D7: No writes
A8: 4 | B8: Create/discover Desktop app | C8: ="pwsh -NoProfile -File .\scripts\New-ClaudeDesktopEntraApp.ps1 -DisplayName "&CHAR(34)&Inputs!B17&CHAR(34) -> pwsh -NoProfile -File .\scripts\New-ClaudeDesktopEntraApp.ps1 -DisplayName "Claude Desktop gateway" | D8: App object
A9: 5 | B9: Write Desktop audience | C9: =". .\scripts\ApimNamedValue.ps1"&CHAR(10)&"Set-ApimNamedValue -ResourceGroup "&CHAR(34)&Inputs!B8&CHAR(34)&" -ApimName "&CHAR(34)&Inputs!B9&CHAR(34)&" -Id external-idp-extra-audience -Value "&CHAR(34)&Inputs!B18&CHAR(34) -> . .\scripts\ApimNamedValue.ps1 Set-ApimNamedValue -ResourceGroup "<resource-group>" -ApimName "<apim-name>" -Id external-idp-extra-audience -Value "<desktop-public-client-id>" | D9: Exact client ID
A10: 6 | B10: Generate standard policy | C10: ="pwsh -NoProfile -File .\scripts\New-ClaudeCodePolicy.ps1 -ConfigPath .\onboarding\claude-gateway.json -Tier standard -OutputPath .\policy-claude-code-standard" -> pwsh -NoProfile -File .\scripts\New-ClaudeCodePolicy.ps1 -ConfigPath .\onboarding\claude-gateway.json -Tier standard -OutputPath .\policy-claude-code-standard | D10: Payload files
A11: 7 | B11: Generate premium policy | C11: ="pwsh -NoProfile -File .\scripts\New-ClaudeCodePolicy.ps1 -ConfigPath .\onboarding\claude-gateway.json -Tier premium -OutputPath .\policy-claude-code-premium" -> pwsh -NoProfile -File .\scripts\New-ClaudeCodePolicy.ps1 -ConfigPath .\onboarding\claude-gateway.json -Tier premium -OutputPath .\policy-claude-code-premium | D11: Payload files
A12: 8 | B12: Projection arguments | C12: ="-SubscriptionId "&CHAR(34)&Inputs!B6&CHAR(34)&" -ResourceGroup "&CHAR(34)&Inputs!B8&CHAR(34)&" -ApimName "&CHAR(34)&Inputs!B9&CHAR(34)&" -NamePrefix "&CHAR(34)&Inputs!B10&CHAR(34)&" -Location "&CHAR(34)&Inputs!B11&CHAR(34)&" -Sku "&CHAR(34)&Inputs!B12&CHAR(34)&" -ResolverInboundAccess "&CHAR(34)&Inputs!B13&CHAR(34)&" -ResolverAppId "&CHAR(34)&Inputs!B14&CHAR(34)&" -StandardGroup "&CHAR(34)&Inputs!B15&CHAR(34)&" -PremiumGroup "&CHAR(34)&Inputs!B16&CHAR(34) -> -SubscriptionId "<subscription-id>" -ResourceGroup "<resource-group>" -ApimName "<apim-name>" -NamePrefix "<lowercase-prefix>" -Location "eastus" -Sku "StandardV2" -ResolverInboundAccess "private" -ResolverAppId "<resolver-app-id>" -StandardGroup "claude-code-standard" -PremiumGroup "claude-code-premium" | D12: Remove unneeded optional args
A13: 9 | B13: Projection preflight | C13: ="pwsh -NoProfile -File .\scripts\Deploy-ClaudeProjection.ps1 "&C12&" -PreflightOnly" -> pwsh -NoProfile -File .\scripts\Deploy-ClaudeProjection.ps1 -SubscriptionId "<subscription-id>" -ResourceGroup "<resource-group>" -ApimName "<apim-name>" -NamePrefix "<lowercase-prefix>" -Location "eastus" -Sku "StandardV2" -ResolverInboundAccess "private" -ResolverAppId "<resolver-app-id>" -StandardGroup "claude-code-standard" -PremiumGroup "claude-code-premium" -PreflightOnly | D13: No FAIL
A14: 10 | B14: Deploy/populate/compare | C14: ="pwsh -NoProfile -File .\scripts\Deploy-ClaudeProjection.ps1 "&C12 -> pwsh -NoProfile -File .\scripts\Deploy-ClaudeProjection.ps1 -SubscriptionId "<subscription-id>" -ResourceGroup "<resource-group>" -ApimName "<apim-name>" -NamePrefix "<lowercase-prefix>" -Location "eastus" -Sku "StandardV2" -ResolverInboundAccess "private" -ResolverAppId "<resolver-app-id>" -StandardGroup "claude-code-standard" -PremiumGroup "claude-code-premium" | D14: Clean comparison
A15: 11 | B15: Full sync | C15: ="pwsh -NoProfile -File .\scripts\Sync-ClaudeAccess.ps1 -ResourceGroup "&CHAR(34)&Inputs!B8&CHAR(34)&" -ApimName "&CHAR(34)&Inputs!B9&CHAR(34) -> pwsh -NoProfile -File .\scripts\Sync-ClaudeAccess.ps1 -ResourceGroup "<resource-group>" -ApimName "<apim-name>" | D15: Success evidence
A16: 12 | B16: Dry-run switch | C16: ="pwsh -NoProfile -File .\scripts\Deploy-ClaudeProjection.ps1 -SubscriptionId "&CHAR(34)&Inputs!B6&CHAR(34)&" -ResourceGroup "&CHAR(34)&Inputs!B8&CHAR(34)&" -ApimName "&CHAR(34)&Inputs!B9&CHAR(34)&" -NamePrefix "&CHAR(34)&Inputs!B10&CHAR(34)&" -StandardGroup "&CHAR(34)&Inputs!B15&CHAR(34)&" -PremiumGroup "&CHAR(34)&Inputs!B16&CHAR(34)&" -FlipAfterCleanCompare -WhatIf" -> pwsh -NoProfile -File .\scripts\Deploy-ClaudeProjection.ps1 -SubscriptionId "<subscription-id>" -ResourceGroup "<resource-group>" -ApimName "<apim-name>" -NamePrefix "<lowercase-prefix>" -StandardGroup "claude-code-standard" -PremiumGroup "claude-code-premium" -FlipAfterCleanCompare -WhatIf | D16: All checks; no write
A17: 13 | B17: Live switch | C17: =SUBSTITUTE(C16," -WhatIf","") -> pwsh -NoProfile -File .\scripts\Deploy-ClaudeProjection.ps1 -SubscriptionId "<subscription-id>" -ResourceGroup "<resource-group>" -ApimName "<apim-name>" -NamePrefix "<lowercase-prefix>" -StandardGroup "claude-code-standard" -PremiumGroup "claude-code-premium" -FlipAfterCleanCompare | D17: Backup and one write
A18: 14 | B18: Read source | C18: ="az apim nv show -g "&CHAR(34)&Inputs!B8&CHAR(34)&" --service-name "&CHAR(34)&Inputs!B9&CHAR(34)&" --named-value-id entitlement-source --query value -o tsv" -> az apim nv show -g "<resource-group>" --service-name "<apim-name>" --named-value-id entitlement-source --query value -o tsv | D18: projection
A19: 15 | B19: Targeted sync | C19: ="pwsh -NoProfile -File .\scripts\Sync-ClaudeAccess.ps1 -ResourceGroup "&CHAR(34)&Inputs!B8&CHAR(34)&" -ApimName "&CHAR(34)&Inputs!B9&CHAR(34)&" -User "&CHAR(34)&"<upn-or-object-id>"&CHAR(34) -> pwsh -NoProfile -File .\scripts\Sync-ClaudeAccess.ps1 -ResourceGroup "<resource-group>" -ApimName "<apim-name>" -User "<upn-or-object-id>" | D19: User result
A20: 16 | B20: Rollback refresh | C20: ="pwsh -NoProfile -File .\scripts\Sync-ClaudeAccess.ps1 -ResourceGroup "&CHAR(34)&Inputs!B8&CHAR(34)&" -ApimName "&CHAR(34)&Inputs!B9&CHAR(34)&" -Store named-value" -> pwsh -NoProfile -File .\scripts\Sync-ClaudeAccess.ps1 -ResourceGroup "<resource-group>" -ApimName "<apim-name>" -Store named-value | D20: Lists refreshed
A21: 17 | B21: Rollback compare | C21: ="pwsh -NoProfile -File .\scripts\Compare-ClaudeEntitlement.ps1 -ResourceGroup "&CHAR(34)&Inputs!B8&CHAR(34)&" -ApimName "&CHAR(34)&Inputs!B9&CHAR(34)&" -FailOnDrift" -> pwsh -NoProfile -File .\scripts\Compare-ClaudeEntitlement.ps1 -ResourceGroup "<resource-group>" -ApimName "<apim-name>" -FailOnDrift | D21: No drift

Sheet Intune Scripts
A1: Intune script templates
A2: Windows PowerShell 5.1-compatible templates from docs/MDM.md.
A4: Script / setting | B4: Content
A5: Platform settings | B5: Run using logged-on credentials: No Signature: organization policy; No unless signed 64-bit host: Yes
A6: Claude Code install/remediation | B6: $ErrorActionPreference = 'Stop' $settings = @' <paste claude-code.managed-settings.json as one JSON document> '@ $key = 'HKLM:\SOFTWARE\Policies\ClaudeCode' New-Item -Path $key -Force | Out-Null New-ItemProperty -Path $key -Name Settings -PropertyType String -Value $settings -Force | Out-Null
A7: Claude Code detection | B7: $expected = '<sha256 of the exact Settings string>' $value = (Get-ItemProperty -Path 'HKLM:\SOFTWARE\Policies\ClaudeCode' -Name Settings -ErrorAction SilentlyContinue).Settings if (-not $value) { exit 1 } $sha = [System.Security.Cryptography.SHA256]::Create() try { $bytes = $sha.ComputeHash([System.Text.Encoding]::UTF8.GetBytes($value)) } finally { $sha.Dispose() } $actual = -join ($bytes | ForEach-Object { $_.ToString('x2') }) if ($actual -eq $expected) { exit 0 } exit 1
A8: Claude Code rollback | B8: $key = 'HKLM:\SOFTWARE\Policies\ClaudeCode' Remove-ItemProperty -Path $key -Name Settings -ErrorAction SilentlyContinue if (Test-Path $key) { $remaining = Get-ItemProperty -Path $key if ($remaining.PSObject.Properties.Name -notcontains 'Settings') { Remove-Item -Path $key -Recurse -Force -ErrorAction SilentlyContinue } }
A9: Claude Desktop import | B9: $ErrorActionPreference = 'Stop' reg.exe import .\claude-desktop.reg if ($LASTEXITCODE -ne 0) { throw "Claude Desktop policy import failed: $LASTEXITCODE" } # Package generated .reg beside script; fully quit/reopen Desktop.
A10: Desktop location | B10: HKLM\SOFTWARE\Policies\Claude; values directly under key; object/array values are JSON strings; subkeys ignored.
A11: OMA-URI caution | B11: Use ./Device/Vendor/MSFT/Policy/Config/ClaudeCode/Settings only with matching custom ADMX/Policy CSP. Otherwise use script, Remediation or Win32.

Sheet References
A1: Repository references
A2: Current sources used for this workbook.
A4: Source | B4: Supports | C4: Path
A5: Secure projection | B5: Preflight, compare, sync evidence, switch and rollback capacity | C5: SECURE-PROJECTION.md
A6: Update and change | B6: Manual Desktop sign-in change | C6: UPDATE-AND-CHANGE.md#5-change-claude-desktop-sign-in
A7: Developer guide | B7: Browser/broker config and consent | C7: ../DEVELOPER.md#letting-desktop-do-the-sign-in-itself
A8: MDM guide | B8: Generated outputs and Intune scripts | C8: MDM.md
A9: Projection workbook | B9: Role separation | C9: PROJECTION-WORKBOOK.md
A10: Desktop app script | B10: Public-client creation/discovery | C10: ../scripts/New-ClaudeDesktopEntraApp.ps1
A11: Policy generator | B11: Managed policy generation | C11: ../scripts/New-ClaudeCodePolicy.ps1
A12: Projection deployer | B12: Current params and switch behavior | C12: ../scripts/Deploy-ClaudeProjection.ps1
A13: Sync command | B13: Publication to active store | C13: ../scripts/Sync-ClaudeAccess.ps1
A14: Compare command | B14: Named values vs Entra drift | C14: ../scripts/Compare-ClaudeEntitlement.ps1
A15: Desktop sign-in ADR | B15: Choice and consequences | C15: adr/0027-claude-desktop-sign-in-choice.md
